550,290,3,1505
551,291,3,1504
552,292,3,1503
553,293,3,6501
554,294,3,6502
555,295,3,6588
556,296,3,6507
557,297,3,3501
558,298,3,3502
559,299,3,3503
560,300,3,3504
561,301,3,3505
562,302,3,3506
563,303,3,3507
564,304,3,2502
565,305,3,2503
566,306,3,2504
567,307,3,2505
568,308,3,2506
569,309,3,2507
570,310,3,2509
571,311,3,2510
572,312,3,2511
573,313,3,2512
574,314,3,2513
575,315,3,2514
576,316,3,2515
577,317,3,2516
578,318,3,2517
579,319,3, 
580,320,3,O501
581,321,3,O502
582,322,3,O503
583,323,3,4504
584,324,3,4505
585,325,3,4506
586,326,3,4509
587,327,3,B501
588,328,3,B183
589,329,3,7501
590,330,3,7502
591,331,3,1501
592,332,3,1502
593,333,3,1505
594,334,3,1506
595,335,3,1507
596,336,3,1509
597,337,3,1512
598,338,3,1517
599,339,3,1518
600,340,3,1518
601,341,3,8501
602,342,3,8502
603,343,3,8503
604,344,3,8504
605,345,3,4865
606,346,3,C501
607,347,3,9501
608,348,3,1510
609,349,3,
610,350,19,6503
611,351,19,6505
612,352,19,2501
613,353,19,1111
614,354,19,1516
615,355,19,1515
616,356,19,9501
617,357,19,
618,358,19,6504
619,359,19,3505
620,360,19,2506
621,361,19,4507
622,362,19,
623,363,19,8505
624,364,19,
625,290,4,4729
626,291,4,4729
627,292,4,4729
628,293,4,2836
629,294,4,4340
630,295,4,7823
631,296,4,6819
632,297,4,4923
633,298,4,9728
634,299,4,9728
635,300,4,9728
636,301,4,9728
637,302,4,9353
638,303,4,4422
639,304,4,9353
640,305,4,2922
641,306,4,9353
642,307,4,1630
643,308,4,2922
644,309,4,9353
645,310,4,8992
646,311,4,144844
647,312,4,148797
648,313,4,9064
649,314,4,
650,315,4,
651,316,4,
652,317,4,
653,318,4,
654,319,4,
655,320,4,148961
656,321,4,148997
657,322,4,
658,323,4,4921
659,324,4,9353
660,325,4,4761
661,326,4,8761
662,327,4,4340
663,328,4,
664,329,4,
665,330,4,
666,331,4,798
667,332,4,4728
668,333,4,E399
669,334,4,4929
670,335,4,9761
671,336,4,4734
672,337,4,4735
673,338,4,
674,339,4,
675,340,4,
676,341,4,4877
677,342,4,9353
678,343,4,9353
679,344,4,4738
680,345,4,
681,346,4,4756
682,347,4,
683,348,4,
684,349,4,
685,350,20,
686,351,20,4831
687,352,20,2366
688,353,20,
689,354,20,
690,355,20,9916
691,356,20,
692,357,20,1111
693,358,20,6276
694,359,20,3226
695,360,20,
696,361,20,1371
697,362,20,1508
698,363,20,8228
699,364,20,1367
700,290,2,Pro5150
701,291,2,Pro5150
702,292,2,Pro5150
703,293,2,Pro5150
704,294,2,Pro5150
705,295,2,Pro5150
706,296,2,Pro5150
707,297,2,Pro5150
708,298,2,Pro5150
709,299,2,Pro5150
710,300,2,Pro5150
711,301,2,Pro5150
712,302,2,Pro5150
713,303,2,Pro5150
714,304,2,Pro5150
715,305,2,Pro5150
716,306,2,Pro5150
717,307,2,Pro5150
718,308,2,Pro5150
719,309,2,Pro5150
720,310,2,Pro5150
721,311,2,Pro5150
722,312,2,Pro5150
723,313,2,Pro5150
724,314,2,Pro5150
725,315,2,Pro5150
726,316,2,Pro5150
727,317,2,Pro5150
728,318,2,Pro5150
729,319,2,Pro5150
730,320,2,Pro5150
731,321,2,Pro5150
732,322,2,Pro5150
733,323,2,Pro5150
734,324,2,Pro5150
735,325,2,Pro5150
736,326,2,Pro5150
737,327,2,Pro5150
738,328,2,Pro5150
739,329,2,Pro5150
740,330,2,Pro5150
741,331,2,Pro5150
742,332,2,Pro5150
743,333,2,Pro5150
744,334,2,Pro5150
745,335,2,Pro5150
746,336,2,Pro5150
747,337,2,Pro5150
748,338,2,Pro5150
749,339,2,Pro5150
750,340,2,Pro5150
751,341,2,Pro5150
752,342,2,Pro5150
753,343,2,Pro5150
754,344,2,Pro5150
755,345,2,Pro5150
756,346,2,Pro5150
757,347,2,Pro5150
758,348,2,Pro5150
759,349,2,Pro5150
760,350,18,Pro5100
761,351,18,Pro5100
762,352,18,Pro5100
763,353,18,Pro5100
764,354,18,Pro5100
765,355,18,Pro5100
766,356,18,Pro5100
767,357,18,Pro5100
768,358,18,Pro5100
769,359,18,Pro5100
770,360,18,Pro5100
771,361,18,Pro5100
772,362,18,Pro5100
773,363,18,Pro5100
774,364,18,Pro5100
